Accuracy,Precision,Recall,F1,MCC,AUC
0.9118457300275482,0.9136496784664284,0.9118457300275482,0.9117224298569578,0.8936051122760704,0.9852060812510665
