Accuracy,Precision,Recall,F1,MCC,AUC
0.931129476584022,0.9315067447122323,0.931129476584022,0.9312019565441862,0.916708492279729,0.9910225467421644
