Accuracy,AUC,Precision,Recall,F1,MCC
0.9292929292929293,0.994437470166107,0.9295904369434004,0.9292929292929293,0.929410019332289,0.91449500834348
