Accuracy,Precision,Recall,F1,MCC,AUC
0.9081726354453628,0.9096205950381712,0.9081726354453628,0.9082472486155787,0.889318878722449,0.9922538440012185
