Accuracy,Precision,Recall,F1,MCC,AUC
0.938475665748393,0.9386175863854732,0.938475665748393,0.9384581729896634,0.9256029048374856,0.9946107665550549
