Accuracy,Precision,Recall,F1,MCC,AUC
0.9320477502295684,0.9322653604527691,0.9320477502295684,0.9321161981045121,0.9178189903401046,0.9949476099900498
